{
    "$schema": "https://schema.management.azure.com/schemas/2015-01-01/deploymentParameters.json#",
    "contentVersion": "1.0.0.0",
    "parameters": {
        "factoryName": {
            "value": "TokyoOlympDF"
        },
        "AzureDataLakeStorage1_accountKey": {
            "value": ""
        },
        "coachessink_accountKey": {
            "value": ""
        },
        "EntriesGenderSink_accountKey": {
            "value": ""
        },
        "MedalsSink_accountKey": {
            "value": ""
        },
        "TeamSink_accountKey": {
            "value": ""
        },
        "AthletesSink_accountKey": {
            "value": ""
        },
        "HttpServer1_properties_typeProperties_url": {
            "value": "https://github.com/NikhilMoon2000/TokyoOlympics2021_ETL/blob/main/Raw%20data/Coaches.csv"
        },
        "AzureDataLakeStorage1_properties_typeProperties_url": {
            "value": "https://tokyoolympicstorageac.dfs.core.windows.net/"
        },
        "HttpServer2_properties_typeProperties_url": {
            "value": "https://github.com/NikhilMoon2000/TokyoOlympics2021_ETL/blob/main/Raw%20data/Athletes.csv"
        },
        "coacheshttps_properties_typeProperties_url": {
            "value": "https://github.com/NikhilMoon2000/TokyoOlympics2021_ETL/blob/main/Raw%20data/Coaches.csv"
        },
        "coachessink_properties_typeProperties_url": {
            "value": "https://tokyoolympicstorageac.dfs.core.windows.net/"
        },
        "EntriesGenderSource_properties_typeProperties_url": {
            "value": "https://github.com/NikhilMoon2000/TokyoOlympics2021_ETL/blob/main/Raw%20data/EntriesGender.csv"
        },
        "EntriesGenderSink_properties_typeProperties_url": {
            "value": "https://tokyoolympicstorageac.dfs.core.windows.net/"
        },
        "MedalsSource_properties_typeProperties_url": {
            "value": "https://raw.githubusercontent.com/NikhilMoon2000/TokyoOlympics2021_ETL/main/Raw%20data/Medals.csv"
        },
        "MedalsSink_properties_typeProperties_url": {
            "value": "https://tokyoolympicstorageac.dfs.core.windows.net/"
        },
        "TeamsSource_properties_typeProperties_url": {
            "value": "https://github.com/NikhilMoon2000/TokyoOlympics2021_ETL/blob/main/Raw%20data/Teams.csv"
        },
        "TeamSink_properties_typeProperties_url": {
            "value": "https://tokyoolympicstorageac.dfs.core.windows.net/"
        },
        "AthletesSink_properties_typeProperties_url": {
            "value": "https://tokyoolympicstorageac.dfs.core.windows.net/"
        },
        "Athletessource_properties_typeProperties_url": {
            "value": "https://github.com/NikhilMoon2000/TokyoOlympics2021_ETL/blob/main/Raw%20data/Athletes.csv"
        },
        "containerUri": {
            "value": ""
        },
        "containerSasToken": {
            "value": ""
        }
    }
}