{
    "$schema": "http://schema.management.azure.com/schemas/2015-01-01/deploymentTemplate.json#",
    "contentVersion": "1.0.0.0",
    "parameters": {
        "factoryName": {
            "type": "string",
            "metadata": "Data Factory name",
            "defaultValue": "TokyoOlympDF"
        },
        "AzureDataLakeStorage1_accountKey": {
            "type": "secureString",
            "metadata": "Secure string for 'accountKey' of 'AzureDataLakeStorage1'"
        },
        "coachessink_accountKey": {
            "type": "secureString",
            "metadata": "Secure string for 'accountKey' of 'coachessink'"
        },
        "EntriesGenderSink_accountKey": {
            "type": "secureString",
            "metadata": "Secure string for 'accountKey' of 'EntriesGenderSink'"
        },
        "MedalsSink_accountKey": {
            "type": "secureString",
            "metadata": "Secure string for 'accountKey' of 'MedalsSink'"
        },
        "TeamSink_accountKey": {
            "type": "secureString",
            "metadata": "Secure string for 'accountKey' of 'TeamSink'"
        },
        "AthletesSink_accountKey": {
            "type": "secureString",
            "metadata": "Secure string for 'accountKey' of 'AthletesSink'"
        },
        "HttpServer1_properties_typeProperties_url": {
            "type": "string",
            "defaultValue": "https://github.com/NikhilMoon2000/TokyoOlympics2021_ETL/blob/main/Raw%20data/Coaches.csv"
        },
        "AzureDataLakeStorage1_properties_typeProperties_url": {
            "type": "string",
            "defaultValue": "https://tokyoolympicstorageac.dfs.core.windows.net/"
        },
        "HttpServer2_properties_typeProperties_url": {
            "type": "string",
            "defaultValue": "https://github.com/NikhilMoon2000/TokyoOlympics2021_ETL/blob/main/Raw%20data/Athletes.csv"
        },
        "coacheshttps_properties_typeProperties_url": {
            "type": "string",
            "defaultValue": "https://github.com/NikhilMoon2000/TokyoOlympics2021_ETL/blob/main/Raw%20data/Coaches.csv"
        },
        "coachessink_properties_typeProperties_url": {
            "type": "string",
            "defaultValue": "https://tokyoolympicstorageac.dfs.core.windows.net/"
        },
        "EntriesGenderSource_properties_typeProperties_url": {
            "type": "string",
            "defaultValue": "https://github.com/NikhilMoon2000/TokyoOlympics2021_ETL/blob/main/Raw%20data/EntriesGender.csv"
        },
        "EntriesGenderSink_properties_typeProperties_url": {
            "type": "string",
            "defaultValue": "https://tokyoolympicstorageac.dfs.core.windows.net/"
        },
        "MedalsSource_properties_typeProperties_url": {
            "type": "string",
            "defaultValue": "https://raw.githubusercontent.com/NikhilMoon2000/TokyoOlympics2021_ETL/main/Raw%20data/Medals.csv"
        },
        "MedalsSink_properties_typeProperties_url": {
            "type": "string",
            "defaultValue": "https://tokyoolympicstorageac.dfs.core.windows.net/"
        },
        "TeamsSource_properties_typeProperties_url": {
            "type": "string",
            "defaultValue": "https://github.com/NikhilMoon2000/TokyoOlympics2021_ETL/blob/main/Raw%20data/Teams.csv"
        },
        "TeamSink_properties_typeProperties_url": {
            "type": "string",
            "defaultValue": "https://tokyoolympicstorageac.dfs.core.windows.net/"
        },
        "AthletesSink_properties_typeProperties_url": {
            "type": "string",
            "defaultValue": "https://tokyoolympicstorageac.dfs.core.windows.net/"
        },
        "Athletessource_properties_typeProperties_url": {
            "type": "string",
            "defaultValue": "https://github.com/NikhilMoon2000/TokyoOlympics2021_ETL/blob/main/Raw%20data/Athletes.csv"
        },
        "containerUri": {
            "type": "string",
            "metadata": "URI to storage account containing linked ARM templates"
        },
        "containerSasToken": {
            "type": "string",
            "metadata": "Sas token to storage account containing linked ARM templates"
        }
    },
    "variables": {
        "factoryId": "[concat('Microsoft.DataFactory/factories/', parameters('factoryName'))]"
    },
    "resources": [
        {
            "name": "TokyoOlympDF_ArmTemplate_0",
            "type": "Microsoft.Resources/deployments",
            "apiVersion": "2018-02-01",
            "properties": {
                "mode": "incremental",
                "templateLink": {
                    "uri": "[concat(parameters('containerUri'), '/ArmTemplate_0.json', parameters('containerSasToken'))]",
                    "contentVersion": "1.0.0.0"
                },
                "parameters": {
                    "factoryName": {
                        "value": "[parameters('factoryName')]"
                    },
                    "AzureDataLakeStorage1_accountKey": {
                        "value": "[parameters('AzureDataLakeStorage1_accountKey')]"
                    },
                    "coachessink_accountKey": {
                        "value": "[parameters('coachessink_accountKey')]"
                    },
                    "EntriesGenderSink_accountKey": {
                        "value": "[parameters('EntriesGenderSink_accountKey')]"
                    },
                    "MedalsSink_accountKey": {
                        "value": "[parameters('MedalsSink_accountKey')]"
                    },
                    "TeamSink_accountKey": {
                        "value": "[parameters('TeamSink_accountKey')]"
                    },
                    "AthletesSink_accountKey": {
                        "value": "[parameters('AthletesSink_accountKey')]"
                    },
                    "HttpServer1_properties_typeProperties_url": {
                        "value": "[parameters('HttpServer1_properties_typeProperties_url')]"
                    },
                    "AzureDataLakeStorage1_properties_typeProperties_url": {
                        "value": "[parameters('AzureDataLakeStorage1_properties_typeProperties_url')]"
                    },
                    "HttpServer2_properties_typeProperties_url": {
                        "value": "[parameters('HttpServer2_properties_typeProperties_url')]"
                    },
                    "coacheshttps_properties_typeProperties_url": {
                        "value": "[parameters('coacheshttps_properties_typeProperties_url')]"
                    },
                    "coachessink_properties_typeProperties_url": {
                        "value": "[parameters('coachessink_properties_typeProperties_url')]"
                    },
                    "EntriesGenderSource_properties_typeProperties_url": {
                        "value": "[parameters('EntriesGenderSource_properties_typeProperties_url')]"
                    },
                    "EntriesGenderSink_properties_typeProperties_url": {
                        "value": "[parameters('EntriesGenderSink_properties_typeProperties_url')]"
                    },
                    "MedalsSource_properties_typeProperties_url": {
                        "value": "[parameters('MedalsSource_properties_typeProperties_url')]"
                    },
                    "MedalsSink_properties_typeProperties_url": {
                        "value": "[parameters('MedalsSink_properties_typeProperties_url')]"
                    },
                    "TeamsSource_properties_typeProperties_url": {
                        "value": "[parameters('TeamsSource_properties_typeProperties_url')]"
                    },
                    "TeamSink_properties_typeProperties_url": {
                        "value": "[parameters('TeamSink_properties_typeProperties_url')]"
                    },
                    "AthletesSink_properties_typeProperties_url": {
                        "value": "[parameters('AthletesSink_properties_typeProperties_url')]"
                    },
                    "Athletessource_properties_typeProperties_url": {
                        "value": "[parameters('Athletessource_properties_typeProperties_url')]"
                    }
                }
            },
            "dependsOn": []
        },
        {
            "name": "TokyoOlympDF_ArmTemplate_1",
            "type": "Microsoft.Resources/deployments",
            "apiVersion": "2018-02-01",
            "properties": {
                "mode": "incremental",
                "templateLink": {
                    "uri": "[concat(parameters('containerUri'), '/ArmTemplate_1.json', parameters('containerSasToken'))]",
                    "contentVersion": "1.0.0.0"
                },
                "parameters": {
                    "factoryName": {
                        "value": "[parameters('factoryName')]"
                    }
                }
            },
            "dependsOn": [
                "[resourceId('Microsoft.Resources/deployments', 'TokyoOlympDF_ArmTemplate_0')]"
            ]
        }
    ]
}