{
    "$schema": "https://schema.management.azure.com/schemas/2019-04-01/deploymentTemplate.json#",
    "contentVersion": "1.0.0.0",
    "parameters": {
        "workspaces_Tokyo_Olympicdatabrick_name": {
            "defaultValue": "Tokyo_Olympicdatabrick",
            "type": "String"
        }
    },
    "variables": {},
    "resources": [
        {
            "type": "Microsoft.Databricks/workspaces",
            "apiVersion": "2024-05-01",
            "name": "[parameters('workspaces_Tokyo_Olympicdatabrick_name')]",
            "location": "eastus",
            "tags": {
                "Project": "Tokyo_Olympic"
            },
            "sku": {
                "name": "standard"
            },
            "properties": {
                "managedResourceGroupId": "[concat('/subscriptions/76ea1d08-0c54-4347-aa5e-af53e231db78/resourceGroups/databricks-rg-', parameters('workspaces_Tokyo_Olympicdatabrick_name'), '-o5rvynhydcdge')]",
                "parameters": {
                    "enableNoPublicIp": {
                        "value": false
                    },
                    "prepareEncryption": {
                        "value": false
                    },
                    "publicIpName": {
                        "value": "nat-gw-public-ip"
                    },
                    "requireInfrastructureEncryption": {
                        "value": false
                    },
                    "storageAccountName": {
                        "value": "dbstorage2z7opuhwc4e5s"
                    },
                    "storageAccountSkuName": {
                        "value": "Standard_GRS"
                    },
                    "vnetAddressPrefix": {
                        "value": "10.139"
                    }
                },
                "authorizations": [
                    {
                        "principalId": "9a74af6f-d153-4348-988a-e2672920bee9",
                        "roleDefinitionId": "8e3af657-a8ff-443c-a75c-2fe8c4bcb635"
                    }
                ],
                "createdBy": {},
                "updatedBy": {}
            }
        }
    ]
}